{
    "roomType": 4,
    "acousticsMacros": {
        "ambience": 0.5,
        "reverbTime": 0.22999998927116394,
        "sourceDistance": 1.0,
        "gain": -6.7000045776367188
    },
    "roomSettings": {
        "dimensions": {
            "width": 2.5999999046325684,
            "depth": 3.5,
            "height": 2.4000000953674316
        },
        "damping": {
            "high": 0.37999999523162842,
            "low": 1.0
        },
        "reverbLiveliness": {
            "high": 0.42999997735023499,
            "low": 0.34000000357627869
        }
    }
}