{
    "roomType": 2,
    "acousticsMacros": {
        "ambience": 0.2199999988079071,
        "reverbTime": 0.25,
        "sourceDistance": 0.95999997854232788,
        "gain": -3.0
    },
    "roomSettings": {
        "dimensions": {
            "width": 7.5999999046325684,
            "depth": 10.0,
            "height": 4.8000001907348633
        },
        "damping": {
            "high": 0.45999997854232788,
            "low": 1.0
        },
        "reverbLiveliness": {
            "high": 0.41999998688697815,
            "low": 0.43999999761581421
        }
    }
}