{
    "roomType": 1,
    "acousticsMacros": {
        "ambience": 0.5,
        "reverbTime": 0.22999998927116394,
        "sourceDistance": 1.7300000190734863,
        "gain": 1.1999969482421875
    },
    "roomSettings": {
        "dimensions": {
            "width": 4.8000001907348633,
            "depth": 6.5,
            "height": 4.6999998092651367
        },
        "damping": {
            "high": 0.37999999523162842,
            "low": 0.47999998927116394
        },
        "reverbLiveliness": {
            "high": 0.47999998927116394,
            "low": 1.0
        }
    }
}