{
    "roomType": 1,
    "acousticsMacros": {
        "ambience": 0.19999998807907104,
        "reverbTime": 0.39999997615814209,
        "sourceDistance": 2.3199999332427979,
        "gain": 2.4000015258789062
    },
    "roomSettings": {
        "dimensions": {
            "width": 4.8000001907348633,
            "depth": 6.4000000953674316,
            "height": 4.6999998092651367
        },
        "damping": {
            "high": 0.5,
            "low": 1.0
        },
        "reverbLiveliness": {
            "high": 0.5,
            "low": 0.5
        }
    }
}