{
    "roomType": 2,
    "acousticsMacros": {
        "ambience": 0.29999998211860657,
        "reverbTime": 0.29999998211860657,
        "sourceDistance": 1.6200000047683716,
        "gain": -0.5
    },
    "roomSettings": {
        "dimensions": {
            "width": 4.9000000953674316,
            "depth": 6.4000000953674316,
            "height": 3.3000001907348633
        },
        "damping": {
            "high": 0.42999997735023499,
            "low": 1.0
        },
        "reverbLiveliness": {
            "high": 0.5,
            "low": 0.34000000357627869
        }
    }
}