{
  "roomType": 2,
  "acousticsMacros": {
    "ambience": 0.2999999821186066,
    "reverbTime": 0.2999999821186066,
    "sourceDistance": 1.620000004768372,
    "gain": 0.0
  },
  "roomSettings": {
    "dimensions": {
      "width": 4.900000095367432,
      "depth": 6.400000095367432,
      "height": 3.300000190734863
    },
    "damping": {
      "high": 0.429999977350235,
      "low": 1.0
    },
    "reverbLiveliness": {
      "high": 0.5,
      "low": 0.3400000035762787
    }
  }
}
