{
  "roomType": 1,
  "acousticsMacros": {
    "ambience": 0.5,
    "reverbTime": 0.2299999892711639,
    "sourceDistance": 1.730000019073486,
    "gain": 0.0
  },
  "roomSettings": {
    "dimensions": {
      "width": 4.800000190734863,
      "depth": 6.5,
      "height": 4.699999809265137
    },
    "damping": {
      "high": 0.3799999952316284,
      "low": 0.4799999892711639
    },
    "reverbLiveliness": {
      "high": 0.4799999892711639,
      "low": 1.0
    }
  }
}

