{
    "roomType": 6,
    "acousticsMacros": {
        "ambience": 0.17000000178813934,
        "reverbTime": 0.24000000953674316,
        "sourceDistance": 1.9699999094009399,
        "gain": 2.5999984741210938
    },
    "roomSettings": {
        "dimensions": {
            "width": 6.3000001907348633,
            "depth": 10.0,
            "height": 4.0
        },
        "damping": {
            "high": 0.5,
            "low": 1.0
        },
        "reverbLiveliness": {
            "high": 0.48999997973442078,
            "low": 0.47999998927116394
        }
    }
}